 ,,,,,,,
      (shillings million),,,,,,,
FISCAL YEAR,Treasury Bills*,Treasury Bonds,Government Stocks,Overdraft at Central Bank,Advances from Commercial Banks,Other Domestic Debt**,Total Domestic Debt***
,,,,,,,
Sep-99,"115,068.55","27,886.19","3,430.28","6,787.60","2,885.37","27,359.01","183,417.00"
Dec-99,"121,658.53","28,427.98","3,005.92","6,664.38","2,899.89","27,643.30","190,300.00"
Mar-00,"131,224.49","33,477.49","3,005.92","6,662.98","2,654.36","24,437.99","201,463.22"
Jun-00,"131,029.45","36,851.07","3,005.92","6,528.95","2,608.57","26,103.04","206,127.00"
Jul-00,"132,167.45","39,650.79","3,005.92","5,802.95","2,458.81","19,276.08","202,362.00"
Aug-00,"129,982.70","39,292.68","3,005.92","6,281.82","2,511.76","15,509.12","196,584.00"
Sep-00,"131,672.70","37,187.28","3,005.92","5,839.36","2,566.12","15,248.61","195,520.00"
Oct-00,"132,503.45","36,881.13","1,905.92","5,875.78","2,618.20","15,779.52","195,564.00"
Nov-00,"133,260.45","36,877.03","1,905.92","5,838.47","2,665.54","15,358.59","195,906.00"
Dec-00,"132,660.35","34,114.71","1,905.92","5,838.47","2,432.31","15,713.54","192,665.30"
1-Jan,"134,273.85","32,375.96","1,468.22","7,397.47","2,253.95","15,563.50","193,332.95"
1-Feb,"139,593.30","33,144.26","1,468.22","7,324.64","2,286.02","15,720.82","199,537.27"
1-Mar,"139,008.45","34,560.28","1,468.22","7,324.64","2,320.63","15,940.35","200,622.58"
1-Apr,"137,502.95","36,374.69","1,468.22","5,775.64","2,289.28","27,170.67","210,581.44"
1-May,"134,767.60","40,786.60","1,468.22","2,156.64","2,179.56","21,522.26","202,880.88"
1-Jun,"137,540.05","44,499.24","1,468.22","2,861.85","2,207.72","23,235.52","211,812.60"
1-Jul,"140,249.65","49,108.67","1,468.22","1,514.60","2,034.37","10,636.49","205,012.00"
1-Aug,"144,458.60","55,940.93","1,468.22",500.85,"2,063.91","10,334.49","214,767.00"
1-Sep,"143,838.85","60,460.33","1,468.22",500.85,"2,092.29","10,804.45","219,165.00"
1-Oct,"137,764.75","71,056.86","1,468.22",0,"2,121.97","13,540.20","225,952.00"
1-Nov,"132,115.55","71,052.63","1,468.22",0,"2,151.13","10,736.48","217,524.00"
1-Dec,"123,802.55","80,327.61","1,468.22",0,"2,431.40","13,954.22","221,984.00"
2-Jan,"120,095.20","87,989.86","1,468.22",0,"2,456.93","10,700.78","222,711.00"
2-Feb,"120,784.05","92,040.56","1,468.22",0,"2,485.77","10,802.40","227,581.00"
2-Mar,"121,338.50","92,679.11","1,468.22",0,"2,718.87","10,962.29","229,167.00"
2-Apr,"119,203.60","98,164.78","1,468.22",0,"3,351.86","10,960.54","233,149.00"
2-May,"116,548.05","105,186.53","1,468.22",490.1,"3,440.91","4,639.19","231,773.00"
2-Jun,"118,050.00","106,332.99","1,468.22",0,"3,486.54","6,653.24","235,991.00"
2-Jul,"120,509.80","110,440.77","1,468.22","4,424.94","3,509.91","1,748.41","242,102.05"
2-Aug,"119,662.70","109,812.28","1,468.22","8,094.16","3,514.01","4,617.61","247,168.98"
2-Sep,"119,589.65","116,220.43","1,468.22","2,952.19","3,502.43","7,075.68","250,808.60"
2-Oct,"116,273.20","119,526.45","1,468.22","5,849.58","3,114.46","4,964.75","251,196.67"
2-Nov,"114,655.55","127,112.01","1,468.22","1,130.12","3,354.19","7,472.56","255,192.66"
2-Dec,"107,010.70","130,483.63","1,468.22","4,165.69","3,121.98","13,578.01","259,828.23"
3-Jan,"105,820.15","128,113.27","1,468.22","7,798.83","3,174.83","17,611.03","263,986.33"
3-Feb,"111,829.90","134,998.72","1,057.98","4,889.71","3,223.03","8,193.87","264,193.21"
3-Mar,"109,240.30","139,524.48","1,057.98","8,162.42","3,277.55","9,453.55","270,716.28"
3-Apr,"107,781.60","147,825.09","1,057.98","7,697.51","3,862.33","7,858.94","276,083.44"
3-May,"109,124.20","155,559.20","1,057.98","4,966.02","2,713.62","7,507.96","280,928.98"
3-Jun,"105,744.00","161,549.06","1,057.98","4,318.91","2,685.18","14,021.83","289,376.97"
3-Jul,"104,266.80","164,976.97","1,057.98","8,000.00","2,984.54","10,991.18","292,277.47"
3-Aug,"99,543.65","174,467.52","1,057.98","4,797.02","3,024.90","12,603.44","295,494.51"
3-Sep,"100,322.20","182,409.52","1,057.98","3,808.92","3,049.44","12,604.00","303,252.05"
3-Oct,"114,438.05","179,966.92","1,057.98","2,704.50","3,056.32",695.1977636,"301,918.96"
3-Nov,"116,904.00","179,181.60","1,057.98","3,272.13","2,620.29",512.3988788,"303,548.41"
3-Dec,"113,626.60","178,352.31","1,057.98","5,052.07","2,605.18",496.431807,"301,190.58"
4-Jan,"108,042.05","180,485.23","1,057.98","6,970.79","2,640.41",504.7970705,"299,701.26"
4-Feb,"104,639.00","182,814.48","1,057.98","9,162.72","2,709.98",523.7488368,"300,907.92"
4-Mar,"102,764.60","187,536.25","1,057.98","7,327.45","2,740.67",596.6266584,"302,023.58"
4-Apr,"101,235.70","185,521.91","1,057.98","9,232.14","2,797.20","1,332.43","301,177.37"
4-May,"98,891.65","187,427.28","1,057.98","8,104.07","2,761.38","1,104.93","299,347.29"
4-Jun,"99,835.75","188,625.99","1,057.98","9,232.14","2,774.47","4,708.32","306,234.66"
4-Jul,"100,994.45","191,903.35","1,057.98","6,388.96","2,819.47",297.9048091,"303,462.12"
4-Aug,"97,582.60","192,820.75","1,057.98","7,091.54","2,853.07",272.3892736,"301,678.34"
4-Sep,"98,912.75","187,446.45","1,057.98","9,232.14","2,860.93",235.3268149,"299,745.58"
4-Oct,"102,397.05","185,310.04","1,057.98","9,232.14","2,945.44",598.6404918,"301,541.30"
4-Nov,"107,770.00","181,057.52","1,057.98","9,232.14","2,939.17",487.0977459,"302,543.91"
4-Dec,"100,656.40","180,867.11","1,057.98","9,232.14","3,007.21",553.5884681,"295,374.44"
5-Jan,"95,927.70","181,103.13","1,057.98","9,232.14","3,033.59",868.1230856,"291,222.66"
5-Feb,"95,350.55","182,748.93","1,057.98","8,534.74","3,090.32","1,444.82","292,227.33"
5-Mar,"97,352.90","186,029.38","1,057.98","8,421.91","3,122.22",345.8188504,"296,330.22"
5-Apr,"98,645.40","194,154.07","1,057.98","8,908.70","3,121.39","1,273.08","307,160.62"
5-May,"99,930.60","192,583.01","1,057.98","7,694.45","3,256.47",453.137539,"304,975.65"
5-Jun,"107,838.30","193,357.81","1,057.98","5,225.31","2,539.04","5,554.06","315,572.50"
5-Jul,"113,460.20","198,255.76","1,057.98","8,344.18","2,555.60",353.6951946,"324,027.42"
5-Aug,"115,053.10","200,463.56","1,057.98","6,139.33","2,321.00",345.565678,"325,380.53"
5-Sep,"115,457.90","200,890.51","1,057.98","8,908.70","2,436.31",48.5757448,"328,799.98"
5-Oct,"113,706.50","204,172.56","1,057.98","8,908.70","2,404.89","2,475.02","332,725.65"
5-Nov,"113,349.05","206,980.30","1,057.98","8,908.70","2,559.33",646.1179766,"333,501.48"
5-Dec,"113,336.75","209,424.84","1,057.98","8,908.70","2,068.12",205.4920437,"335,001.89"
6-Jan,"115,474.50","209,250.69","1,057.98","5,796.63","2,112.36",258.6612891,"333,950.84"
6-Feb,"120,869.60","208,969.39","1,057.98","5,201.83","2,139.37",375.0556167,"338,613.23"
6-Mar,"120,848.50","210,323.79","1,057.98","11,323.87","2,185.53",324.3670857,"346,064.04"
6-Apr,"122,383.65","210,482.03","1,057.98","11,323.87","2,200.43",772.3968232,"348,220.36"
6-May,"128,210.65","211,961.76","1,057.98","5,645.16","2,257.88",356.4952226,"349,489.93"
6-Jun,"130,308.36","218,357.33","1,057.98","5,201.83","2,290.60",622.8586017,"357,838.95"
6-Jul,"131,808.81","220,556.58","1,057.98","7,432.42","2,305.13","1,674.80","364,835.71"
6-Aug,"133,720.71","223,527.83","1,057.98","7,890.07","2,342.69",-575.9616384,"367,963.31"
6-Sep,"134,083.76","229,950.32","1,057.98","3,668.91","2,373.18",457.3163264,"371,591.47"
6-Oct,"133,103.96","233,319.00","1,057.98","5,232.75","2,415.48",394.8559811,"375,524.02"
6-Nov,"132,391.05","236,042.80","1,057.98","8,855.36","2,472.73",214.9265754,"381,034.85"
6-Dec,"132,227.85","237,988.05",754.7043,"11,323.86","2,501.97",324.7898109,"385,121.22"
7-Jan,"130,373.15","244,086.15",754.7043,41.04620385,"2,531.50",341.0658826,"378,127.61"
7-Feb,"131,813.10","250,126.70",754.7043,41.04620385,"2,560.12",529.2711426,"385,824.93"
7-Mar,"133,858.60","248,592.82",754.7043,125.7235764,"2,681.81",274.0785703,"386,287.74"
7-Apr,"136,128.35","248,792.29",754.7043,41.04620385,"2,613.93","2,161.57","390,491.89"
7-May,"133,400.76","253,656.89",754.7043,41.04620385,"2,633.58",308.6368988,"390,795.61"
7-Jun,"129,970.26","272,199.74",754.7043,41.04620385,"1,066.11",658.2552216,"404,690.11"
7-Jul,"129,477.10","273,658.68",754.7043,"4,838.37","1,070.56",429.5965537,"410,229.01"
7-Aug,"127,691.25","277,300.69",754.7043,"7,526.91","1,086.30","1,555.19","415,915.04"
7-Sep,"130,559.75","280,902.69",754.7043,"13,268.82","1,065.21",270.1869982,"426,821.36"
7-Oct,"124,100.10","285,941.97",754.7043,"5,670.59","1,066.36",954.430312,"418,488.14"
7-Nov,"126,118.00","293,783.07",754.7043,"4,138.87","1,081.60",186.2011292,"426,062.44"
7-Dec,"126,375.05","304,676.55",754.7043,"1,992.08","1,083.24","3,177.48","438,059.11"
8-Jan,"118,984.00","303,630.15",754.7043,"8,229.71",6.054,579.2775436,"432,183.90"
8-Feb,"118,166.55","308,146.51",754.7043,"7,021.59",11.498,520.5365495,"434,621.39"
8-Mar,"122,866.80","309,874.96",754.7043,"8,141.88",17.679,"3,080.35","444,736.37"
8-Apr,"122,381.40","312,015.86",754.7043,"1,355.44",12.784,"1,350.75","437,870.94"
8-May,"117,900.00","318,334.09",754.7043,"5,108.79",423.413,163.7613418,"442,684.75"
8-Jun,"111,286.15","315,189.66",754.7043,0,426.915,"2,954.30","430,611.73"
8-Jul,"113,833.30","311,342.46",754.7043,"1,340.37",8.816,868.4823615,"428,148.13"
8-Aug,"116,864.80","312,555.76",754.7043,0.00187,29.694,"3,284.40","433,489.36"
8-Sep,"127,812.00","314,710.01",754.7043,"4,393.10",2.168,"1,661.86","449,333.84"
8-Oct,"124,265.80","315,013.81",754.7043,"14,071.82",8.458,571.3809118,"454,685.97"
8-Nov,"125,309.85","320,914.56",754.7043,"3,894.81",4.825,513.3436665,"451,392.10"
8-Dec,"121,345.45","318,613.11",754.7043,"15,092.90",4.822,416.9269888,"456,227.91"
9-Jan,"127,625.35","320,628.46",754.7043,"4,712.53",7.909,537.492509,"454,266.44"
9-Feb,"130,813.20","330,163.46",754.7043,"16,882.64",7.028,275.3927446,"478,896.43"
9-Mar,"133,066.55","334,418.21",754.7043,"6,198.69",6.851,304.8043604,"474,749.81"
9-Apr,"138,870.60","343,454.86",754.7043,"12,371.31",25.403,"1,973.29","497,450.16"
9-May,"132,957.55","348,318.01",754.7043,"6,703.09",100.621,400.4099954,"489,234.39"
9-Jun,"150,122.30","360,743.95",754.7043,"5,124.38",93.189,"1,500.20","518,338.72"
9-Jul,"154,148.25","371,205.25",754.7043,"3,909.48",69.724,313.5571077,"530,400.97"
9-Aug,"160,943.45","378,476.75",754.7043,"6,148.34",104.7423125,754.3765965,"547,182.36"
9-Sep,"155,524.35","386,074.05",754.7043,"8,013.20",91.11709599,156.3848432,"550,613.80"
9-Oct,"166,879.40","389,887.45",754.7043,"9,334.74",114.21027,154.6339724,"567,125.13"
9-Nov,"171,069.20","381,042.80",754.7043,"9,829.42",89.56248495,141.1053861,"562,926.79"
9-Dec,"174,160.70","402,688.35",754.7043,"11,127.92",129.601925,109.0439686,"588,970.31"
10-Jan,"174,479.10","395,461.20",754.7043,"9,179.71",686.8786557,159.8787236,"580,721.47"
10-Feb,"187,066.75","408,003.35",753.3494,"11,426.82",123.1153697,139.2242029,"607,512.61"
10-Mar,"194,059.15","437,474.35",753.3494,"6,544.79",462.9176062,161.5677856,"639,456.12"
10-Apr,"208,902.05","442,356.25",753.3494,"1,109.31",182.5533453,310.9055849,"653,614.42"
10-May,"199,745.10","443,434.50",753.3494,"5,237.37",937.1079486,154.536892,"650,261.96"
10-Jun,"191,267.55","448,615.35",753.3494,"17,649.38","1,595.86",386.2031004,"660,267.68"
10-Jul,"190,422.50","459,274.45",753.3494,"15,508.55","1,668.37",176.2041359,"667,803.42"
10-Aug,"184,014.30","488,492.30",753.3494,"22,926.07","1,708.69",152.6488908,"698,047.35"
10-Sep,"181,138.05","501,233.25",0,"20,563.11","1,608.36",159.9939389,"704,702.77"
10-Oct,"176,380.85","498,137.90",0,"19,961.29","1,485.23",167.3827336,"696,132.65"
10-Nov,"168,117.15","517,794.50",0,"22,926.07","1,462.77","1,148.49","711,448.98"
10-Dec,"165,104.75","529,871.50",0,"22,665.77","1,546.08","1,019.87","720,207.97"
11-Jan,"167,344.35","538,569.95",0,"17,628.60","1,653.89","5,000.98","730,197.77"
11-Feb,"162,311.40","558,130.90",0,"22,926.07","2,214.27","1,087.65","746,670.28"
11-Mar,"160,174.00","570,774.25",0,"19,727.19","2,360.78","1,011.88","754,048.10"
11-Apr,"134,537.50","574,489.65",0,"22,926.07","2,335.83","1,171.01","735,460.06"
11-May,"135,140.15","585,388.65",0,"22,926.07","2,160.74",959.1246012,"746,574.73"
11-Jun,"157,388.10","595,661.35",0,"7,571.00","2,243.30","1,359.05","764,222.80"
11-Jul,"150,106.10","600,953.95",0,"19,933.56","2,650.50","8,068.92","781,713.03"
11-Aug,"143,716.90","603,838.95",0,"25,533.14","2,750.09","1,013.51","776,852.60"
11-Sep,"144,521.30","591,518.50",0,"25,373.20","2,335.90",525.6850279,"764,274.59"
11-Oct,"159,349.10","605,849.50",0,"25,373.20","3,505.02",488.7403806,"794,565.56"
11-Nov,"146,778.55","616,151.05",0,"25,373.20","2,380.67","13,210.87","803,894.34"
11-Dec,"137,873.40","633,549.35",0,"25,373.20","2,639.49",444.6165892,"799,880.06"
12-Jan,"140,384.55","658,083.80",0,"25,373.20","2,473.64",913.8669983,"827,229.06"
12-Feb,"170,427.00","668,595.40",0,"25,373.20","2,802.37",899.6438947,"868,097.62"
12-Mar,"175,250.90","683,565.25",0,"25,373.20","2,760.93",921.1116305,"887,871.40"
12-Apr,"177,399.25","689,983.30",0,"25,373.20","2,313.67",967.3005816,"896,036.72"
12-May,"168,295.45","692,521.10",0,"25,373.20","2,006.29",860.7737454,"889,056.81"
12-Jun,"161,830.05","686,950.90",0,"7,256.50","2,255.71",536.3937151,"858,829.55"
12-Jul,"151,664.55","692,988.20",0,"25,373.20","1,757.75",376.9314526,"872,160.63"
12-Aug,"176,086.65","704,725.00",0,"17,717.98","3,020.19",384.5661923,"901,934.38"
12-Sep,"189,525.20","703,884.90",0,"25,373.20","3,020.82",392.6125798,"922,196.74"
12-Oct,"182,914.05","717,649.20",0,"25,373.20","3,002.05",383.6564998,"929,322.16"
12-Nov,"213,990.20","715,343.10",0,"25,373.20","3,355.91",376.8269049,"958,439.24"
12-Dec,"226,042.45","716,068.60",0,"25,373.20","3,407.60",373.8956576,"971,265.74"
13-Jan,"233,713.70","715,568.60",0,"25,373.20","3,349.13",331.578233,"978,336.22"
13-Feb,"194,105.80","717,152.00",0,"25,373.20","6,797.95",320.8713874,"943,749.82"
13-Mar,"215,979.40","733,204.55",0,"25,373.20","7,127.02",226.7590398,"981,910.93"
13-Apr,"283,449.75","740,996.00",0,"34,186.64","6,512.77",464.2342762,"1,065,609.39"
13-May,"290,628.65","746,878.70",0,"34,186.64","2,908.60",195.0923055,"1,074,797.69"
13-Jun,"296,593.75","744,173.90",0,"6,998.80","2,578.47",283.4849565,"1,050,628.41"
13-Jul,"283,618.00","776,690.35",0,"15,488.16","2,638.17",169.1710045,"1,078,603.85"
13-Aug,"306,839.45","774,401.30",0,"32,718.83","2,538.21",178.2694047,"1,116,676.06"
13-Sep,"336,453.25","811,854.30",0,"34,186.64","2,426.74",208.7669505,"1,185,129.70"
13-Oct,"340,867.75","801,846.80",0,"27,979.68","3,851.64",236.6661605,"1,174,782.53"
13-Nov,"338,905.90","793,356.35",0,"34,186.64","3,437.85",166.7386855,"1,170,053.48"
13-Dec,"336,089.95","816,289.40",0,"34,186.64","2,439.21",177.6509908,"1,189,182.86"
14-Jan,"344,532.60","831,319.55",0,"22,473.86","2,382.34",193.7627512,"1,200,902.12"
14-Feb,"346,034.25","843,583.55",0,"34,186.64","5,435.47",176.6266688,"1,229,416.54"
14-Mar,"331,056.55","863,559.95",0,"34,186.64","2,211.12",169.0952695,"1,231,183.36"
14-Apr,"304,969.20","874,653.10",0,"34,186.64","2,956.45",206.9975448,"1,216,972.39"
14-May,"303,085.65","886,920.55",0,"39,123.22","3,190.08",168.834217,"1,232,488.34"
14-Jun,"327,679.15","914,762.40",0,"37,237.94","4,448.51",199.5622786,"1,284,327.56"
14-Jul,"346,903.95","914,355.25",0,"31,657.71","3,360.92",167.1874848,"1,296,445.02"
14-Aug,"333,331.95","913,247.45",0,"30,377.85","3,977.01",159.7525454,"1,281,094.02"
14-Sep,"303,758.60","919,851.75",0,"34,374.23","2,739.16",150.6823329,"1,260,874.43"
14-Oct,"311,615.80","941,568.35",0,"18,300.92","2,128.81",767.9636998,"1,274,381.83"
14-Nov,"329,722.35","953,698.15",0,"16,486.99","3,291.03",164.6490566,"1,303,363.18"
14-Dec,"318,574.20","955,000.25",0,"30,929.46","3,089.51",155.1600924,"1,307,748.58"
15-Jan,"326,463.20","977,080.25",0,"27,486.55","3,454.26",158.4072364,"1,334,642.67"
15-Feb,"335,289.25","981,873.08",0,"34,198.39","2,647.73",170.9469614,"1,354,179.40"
15-Mar,"369,446.35","1,013,104.63",0,"37,398.42","2,594.42",191.8469445,"1,422,735.67"
15-Apr,"374,136.60","1,010,044.38",0,"29,769.47","2,190.15",167.663902,"1,416,308.27"
15-May,"361,446.10","1,023,826.33",0,"21,095.00","2,270.10",157.5556775,"1,408,795.09"
15-Jun,"345,543.15","1,036,583.43",0,"36,494.18","2,488.47",211.8928555,"1,421,321.13"
15-Jul,"325,478.95","1,049,045.13",0,"41,684.15","3,068.84",167.9142292,"1,419,444.99"
15-Aug,"313,047.70","1,042,673.63",0,"46,074.67","2,013.09",167.8631952,"1,403,976.96"
15-Sep,"293,211.75","1,048,169.13",0,"45,923.88","1,716.60",473.7259487,"1,389,495.09"
15-Oct,"348,309.75","1,068,651.88",0,"36,873.24","1,430.89",212.4012177,"1,455,478.17"
15-Nov,"404,263.35","1,084,352.63",0,"36,495.06","1,441.37",247.5396958,"1,526,799.95"
15-Dec,"417,425.10","1,075,434.58",0,"45,232.56","5,446.31",155.414996,"1,543,693.96"
16-Jan,"404,324.80","1,078,242.93",0,"35,665.27","5,726.48",449.2743198,"1,524,408.76"
16-Feb,"456,209.90","1,102,919.13",0,"43,578.68","5,476.98",736.7373848,"1,608,921.43"
16-Mar,"498,398.45","1,099,065.48",0,"46,455.31","5,558.57",744.1454938,"1,650,221.96"
16-Apr,"533,403.45","1,109,129.28",0,"44,873.88","5,377.16",710.9372219,"1,693,494.70"
16-May,"579,414.90","1,124,992.13",0,"44,234.96","5,430.48",709.7526831,"1,754,782.23"
16-Jun,"613,037.70","1,156,496.73",0,"44,203.67","5,093.46",757.4781314,"1,819,589.04"
16-Jul,"602,705.75","1,190,575.38",0,"14,006.12","5,744.18",716.488504,"1,813,747.91"
16-Aug,"605,966.85","1,197,041.09",0,"13,280.24","5,773.45",713.1940119,"1,822,774.82"
16-Sep,"643,197.00","1,208,592.69",0,"3,319.34","5,530.12",730.2414029,"1,861,369.38"
16-Oct,"641,655.15","1,237,619.99",0,0,"6,382.82",707.6118396,"1,886,365.57"
16-Nov,"644,953.45","1,260,648.69",0,"12,666.95","5,729.80",702.9555613,"1,924,701.84"
16-Dec,"645,140.05","1,255,396.54",0,"29,932.63","5,738.79",700.8468998,"1,936,908.86"
17-Jan,"619,529.60","1,256,750.54",0,"17,304.25","5,857.26",707.0747947,"1,900,148.72"
17-Feb,"633,990.55","1,243,235.97",0,"25,997.41","5,863.37",798.7214036,"1,909,886.02"
17-Mar,"640,161.50","1,268,184.97",0,"30,270.16","5,956.93",705.8861211,"1,945,279.45"
17-Apr,"651,292.05","1,317,050.27",0,0,"5,657.06",693.03,"1,974,692.41"
17-May,"708,469.30","1,325,302.42",0,0,"10,856.49",869.6,"2,045,497.81"
17-Jun,"767,994.90","1,332,001.27",0,0,"11,019.90",720.55,"2,111,736.62"
17-Jul,"764,550.85","1,337,180.12",0,"9,209.00","12,169.33",705.46,"2,123,814.76"
17-Aug,"745,475.70","1,356,661.47",0,"21,189.80","11,934.77",697.97,"2,135,959.71"
17-Sep,"748,642.50","1,386,916.52",0,"24,716.63","12,217.67",699.6335986,"2,173,192.95"
17-Oct,"759,655.95","1,402,851.12",0,"17,382.49","15,977.18",695.84,"2,196,562.58"
17-Nov,"727,863.95","1,451,540.57",0,"40,662.24","8,281.87",691.8738628,"2,229,040.50"
17-Dec,"708,562.50","1,461,624.22",0,"42,316.13","8,048.20",696.4112988,"2,221,247.46"
18-Jan,"755,312.40","1,490,520.27",0,"29,917.29","7,472.41",681.6071681,"2,283,903.98"
18-Feb,"791,620.30","1,492,527.97",0,"46,207.85","7,530.85",704.5456317,"2,338,591.52"
18-Mar,"795,984.90","1,528,194.42",0,"39,654.62","7,476.00",698.3917314,"2,372,008.34"
18-Apr,"812,968.10","1,550,412.42",0,"44,025.33","7,494.16",710.6014144,"2,415,610.61"
18-May,"862,010.20","1,533,417.92",0,"44,353.23","7,450.49",701.1784039,"2,447,933.02"
18-Jun,"901,906.65","1,512,230.47",0,"56,849.24","7,503.83",702.7110067,"2,479,192.90"
18-Jul,"968,948.90","1,509,361.32",0,"26,340.05","8,089.27",695.2028001,"2,513,434.75"
18-Aug,"945,208.05","1,524,823.47",0,"15,055.18","7,717.87",705.016709,"2,493,509.59"
18-Sep,"966,810.65","1,529,128.67",0,"36,290.51","7,587.72",688.8420584,"2,540,506.40"
18-Oct,"974,725.55","1,528,542.02",0,"25,174.32","7,550.44",680.7221972,"2,536,673.05"
18-Nov,"972,855.70","1,547,185.80",0,"44,892.06","8,188.96",694.8994403,"2,573,817.42"
18-Dec,"922,150.30","1,554,475.40",0,"64,824.21","8,182.54",696.6579317,"2,550,329.11"
19-Jan,"967,274.65","1,592,900.75",0,"36,890.44","7,987.80",696.0848573,"2,605,749.73"
19-Feb,"994,273.70","1,669,550.55",0,"19,665.99","8,354.81",687.3150194,"2,692,532.37"
19-Mar,"971,275.30","1,686,576.20",0,"36,895.82","8,497.81",1248.475666,"2,704,493.61"
19-Apr,"1,025,174.05","1,693,671.60",0,"13,784.09","8,581.52","1,254.72","2,742,465.98"
19-May,"987,246.90","1,747,322.85",0,"35,969.10","2,386.63","1,248.56","2,774,174.04"
19-Jun,"975,315.00","1,749,709.95",0,"57,327.70","3,421.67","1,269.15","2,787,043.48"
19-Jul,"974,613.60","1,800,262.90",0,"65,974.38","3,134.32","1,242.03","2,845,227.24"
19-Aug,"968,954.40","1,843,909.59",0,"59,552.50","3,368.22","1,252.52","2,877,037.23"
19-Sep,"949,974.30","1,831,764.14",0,"68,231.52","3,403.54","1,252.69","2,854,626.19"
19-Oct,"917,880.10","1,912,129.74",0,"65,503.90","2,726.83","1,248.60","2,899,489.18"
19-Nov,"917,192.00","1,940,474.19",0,"57,230.74","3,560.20","1,252.97","2,919,710.10"
19-Dec,"900,000.60","1,977,041.54",0,"63,724.46","2,446.92","1,237.83","2,944,451.36"
20-Jan,"900,519.40","2,041,057.39",0,"59,193.96","3,480.11","1,242.26","3,005,493.11"
20-Feb,"938,379.00","2,069,240.49",0,"30,465.84","3,421.27","1,250.76","3,042,757.36"
20-Mar,"921,687.70","2,092,635.74",0,"54,181.61","2,790.50","1,241.64","3,072,537.19"
20-Apr,"909,825.35","2,152,065.14",0,"54,592.58","4,043.07","1,237.48","3,121,763.61"
20-May,"918,787.10","2,181,800.09",0,"50,147.52","3,511.06","1,245.98","3,155,491.75"
20-Jun,"907,651.50","2,220,339.49",0,"47,149.78","2,007.33","1,273.18","3,178,421.28"
20-Jul,"970,609.95","2,297,846.54",0,0,"3,841.86","1,253.09","3,273,551.44"
20-Aug,"936,232.70","2,418,317.99",0,"43,400.39","3,305.26","1,244.39","3,402,500.73"
20-Sep,"914,688.60","2,482,244.14",0,"56,206.33","2,717.31","1,250.12","3,457,106.50"
20-Oct,"878,634.75","2,511,271.34",0,"63,534.99","2,937.44","1,266.10","3,457,644.63"
20-Nov,"884,210.20","2,541,515.39",0,"52,706.83","2,964.60","1,256.53","3,482,653.56"
20-Dec,"875,669.70","2,561,331.24",0,"47,597.70","2,699.27","1,243.27","3,488,541.18"
21-Jan,"805,415.10","2,667,020.29",0,"55,270.86","3,608.98","1,246.29","3,532,561.52"
21-Feb,"767,398.95","2,703,562.48",0,"55,399.91","3,576.67","1,244.93","3,531,182.93"
21-Mar,"781,297.65","2,734,467.78",0,"49,282.82","3,550.92","1,241.40","3,569,840.57"
21-Apr,"766,563.50","2,796,709.18",0,"65,844.50","2,557.60","1,240.02","3,632,914.79"
21-May,"777,068.65","2,829,728.83",0,"75,441.14","3,400.37","1,252.73","3,686,891.71"
21-Jun,"784,774.75","2,849,935.63",0,"59,279.44","2,455.40",647.97,"3,697,093.18"
21-Jul,"770,951.95","2,943,979.08",0,"72,914.62","3,644.05",657.19,"3,792,146.88"
21-Aug,"778,585.55","3,025,014.78",0,"56,759.52","3,890.22",625.71,"3,864,875.77"
21-Sep,"782,853.25","3,096,840.78",0,"55,110.01","2,351.71",621.7,"3,937,777.45"
21-Oct,"754,054.60","3,139,419.88",0,"62,347.47","3,061.69",639.66,"3,959,523.30"
21-Nov,"739,168.35","3,203,904.01",0,"60,494.46","3,894.84",615.65,"4,008,077.30"
21-Dec,"727,994.55","3,242,241.61",0,"59,312.78","2,208.62",610.63,"4,032,368.18"
22-Jan,"723,139.80","3,304,897.01",0,"75,150.54","6,301.64",631.53,"4,110,120.51"
22-Feb,"698,323.20","3,400,347.01",0,"74,695.10","7,428.95",626.23,"4,181,420.48"
22-Mar,"675,295.30","3,440,610.21",0,"68,395.18","6,847.82",622.5,"4,191,771.01"
22-Apr,"659,444.30","3,501,346.51",0,"58,631.49","6,798.56",622.55,"4,226,843.41"
22-May,"650,046.00","3,543,865.10",0,"63,046.87","11,070.27",628.56,"4,268,656.81"
22-Jun,"647,043.70","3,569,092.01",0,"58,502.25","13,054.41",640.6,"4,288,332.96"
22-Jul,"665,244.30","3,585,114.16",0,"45,439.46","14,245.63",647.99,"4,310,691.54"
22-Aug,"678,260.55","3,595,250.31",0,"49,145.21","11,974.22",643.15,"4,335,273.44"
22-Sep,"690,569.05","3,634,864.41",0,"27,247.35","12,965.12",632.76,"4,366,278.69"
22-Oct,"679,456.30","3,632,708.90",0,"59,819.48","13,452.05",657.61,"4,386,094.34"
22-Nov,"705,967.70","3,673,801.94",0,"41,701.92","13,824.18",641.43,"4,435,937.16"
22-Dec,"689,244.30","3,710,621.74",0,"58,498.05","13,827.53",646.9,"4,472,838.52"
23-Jan,"676,659.60","3,744,037.59",0,"65,998.59","14,370.13",648.23,"4,501,714.13"
23-Feb,"693,142.45","3,773,447.09",0,"68,726.10","15,599.72",645.91,"4,551,561.27"
23-Mar,"683,592.15","3,771,029.69",0,"77,979.23","6,338.93",652.16,"4,539,592.17"
23-Apr,"683,613.00","3,781,433.54",0,"69,600.93","7,050.77",652.31,"4,542,350.54"
23-May,"641,493.55","3,821,340.23",0,"78,965.55","7,228.85",618.4,"4,549,646.58"
23-Jun,"631,906.20","4,013,890.63",0,"76,456.93","13,692.07","96,166.24","4,832,112.06"
23-Jul,"602,312.80","4,097,244.48",0,"61,117.84","14,531.33","98,320.86","4,873,527.31"
23-Aug,"584,879.85","4,139,722.83",0,"72,054.06","16,246.82","99,435.38","4,912,338.93"
23-Sep,"575,392.95","4,149,806.73",0,"75,704.37","16,406.27","97,295.85","4,914,606.17"
23-Oct,"574,407.40","4,159,083.03",0,"73,933.69","6,702.76","98,902.56","4,913,029.44"
23-Nov,"572,800.20","4,224,907.73",0,"83,938.51","6,617.56","102,486.73","4,990,750.73"
23-Dec,"564,083.65","4,271,815.98",0,"94,127.51","15,225.51","104,855.89","5,050,108.54"
24-Jan,"582,259.05","4,272,252.18",0,"83,448.01","5,380.34","107,102.42","5,050,442.00"
24-Feb,"565,694.30","4,442,096.23",0,"94,318.80","5,117.04","107,099.35","5,214,325.71"
24-Mar,"573,630.85","4,478,537.58",0,"92,181.26","5,117.04","107,103.13","5,256,569.86"
24-Apr,"583,280.00","4,561,017.88",0,"89,306.00","4,298.32","85,810.58","5,323,712.78"
24-May,"605,549.20","4,539,757.88",0,"84,956.42","5,467.52","84,156.43","5,319,887.46"
24-Jun,"632,514.85","4,627,122.83",0,"61,020.67","5,467.52","84,158.56","5,410,284.43"
24-Jul,667963.05,4637887.179,0,60529.0603,2487.13896,84129.10423,5452995.533
24-Aug,690018.85,4729220.479,0,49517.18878,4533.214112,85055.71795,5558345.45
24-Sep,728515.35,4785629.779,0,0,4327.583767,83237.6099,5601710.323
24-Oct,776201.15,4802758.679,0,28634.51078,4327.583767,83296.51894,5695218.443
24-Nov,850803.35,4840349.429,0,31773.63348,4679.09907,81692.78387,5809298.296
24-Dec,862169.3,4884046.379,0,37476.25072,4388.712206,80192.51782,5868273.16
25-Jan,872388.45,4936766.479,0,35237.14627,3734.858974,80233.33109,5928360.265
25-Feb,902903.4,5016910.079,0,60569.67158,3734.858974,80245.10439,6064363.114
25-Mar,931509.45,5025427.079,0,86506.50959,4494.12009,78760.70163,6126697.86
25-Apr,962985.95,5020018.179,0,84930.68527,15548.28345,80618.65285,6164101.751
25-May,979093.5,5034066.985,0,94966.37226,14791.80549,80617.86056,6203536.524
,,,,,,,
,,,,,,,
,,,,,,,
* The stock of Treasury bills includes Frozen Government Debt,,,,,,,
"** Other domestic debt includes IMF funds on-lent by CBK to Government as from June 2023, Items in transit,Securities rediscounted and Tax Reserve Certificates ",,,,,,,
*** Gross Domestic debt includes IMF funds on-lent by CBK to Government as from June 2023,,,,,,,
,,,,,,,
Source: Central Bank of Kenya,,,,,,,
